MAYO 2023;;;;;;;;;;;;;;;;;;;;;;;;;;;;;;;;;;;;;;;;
LABORATORIO TITULAR;N¯ CERTIFICADO;NOMBRE COMERCIAL;NOMBRE GENERICO;CONCENTRACION;FORMA FARMACEUTICA;PRESENTACION;ACCION TERAPEUTICA/ INDICACIONES;OBSERVACIONES;;;;;;;;;;;;;;;;;;;;;;;;;;;;;;;;
GSK BIOPHARMA ARGENTINA S.A.;22058;LEVOTIROXINA GSK;LEVOTIROXINA SODICA;50 MCG;COMPRIMIDO;50 UNIDADES;TERAPIA DE REEMPLAZO DE LAS HORMONOS TIROIDEAS NATURALES;VER PROSPECTO EN VNM ANMAT;;;;;;;;;;;;;;;;;;;;;;;;;;;;;;;;
GSK BIOPHARMA ARGENTINA S.A.;22058;LEVOTIROXINA GSK;LEVOTIROXINA SODICA;75 MCG;COMPRIMIDO;50 UNIDADES;IDEM ANTERIOR;VER PROSPECTO EN VNM ANMAT;;;;;;;;;;;;;;;;;;;;;;;;;;;;;;;;
GSK BIOPHARMA ARGENTINA S.A.;22058;LEVOTIROXINA GSK;LEVOTIROXINA SODICA;100 MCG;COMPRIMIDO;50 UNIDADES;IDEM ANTERIOR;VER PROSPECTO EN VNM ANMAT;;;;;;;;;;;;;;;;;;;;;;;;;;;;;;;;
GSK BIOPHARMA ARGENTINA S.A.;22058;LEVOTIROXINA GSK;LEVOTIROXINA SODICA;125 MCG;COMPRIMIDO;50 UNIDADES;IDEM ANTERIOR;VER PROSPECTO EN VNM ANMAT;;;;;;;;;;;;;;;;;;;;;;;;;;;;;;;;
GSK BIOPHARMA ARGENTINA S.A.;22058;LEVOTIROXINA GSK;LEVOTIROXINA SODICA;137 MG;COMPRIMIDO;50 UNIDADES;IDEM ANTERIOR;VER PROSPECTO EN VNM ANMAT;;;;;;;;;;;;;;;;;;;;;;;;;;;;;;;;
GSK BIOPHARMA ARGENTINA S.A.;31023;BETNOVATE;17-VALERATO DE BETAMETASONA;0,12%;CREMA;1 TUBO por 30 G;ANTIINFLAMATORIO CORTICOSTEROIDE TOPICO;VER PROSPECTO EN VNM ANMAT;;;;;;;;;;;;;;;;;;;;;;;;;;;;;;;;
GSK BIOPHARMA ARGENTINA S.A.;33535;VENTOLIN;SALBUTAMOL;100 MCG / DOSIS;AEROSOL;ENVASE POR 200 DOSIS;BRONCODILATADOR DE CORTA DURACION;VER PROSPECTO EN VNM ANMAT;;;;;;;;;;;;;;;;;;;;;;;;;;;;;;;;
LABORATORIO       ˇRONTAG SA;33640;YECTAFER COMPLEX;HIERRO (III)ˇ (COMO HIERRO DEXTRANO DE BAJO PESO MOLECULAR) µCIDO F‡LICOˇHIDROXOCOBALAMINA (COMO ACETATO);5% (625 MG/2ML) - 1MG / 2 ML -  0,1 MG/ 2 ML;SOLUCI‡N INYECTABLE IM;5 AMPOLLAS POR 2 ML;ANTIANEMICO;VER PROSPECTO EN VNM ANMAT;;;;;;;;;;;;;;;;;;;;;;;;;;;;;;;;
LABORATORIO       ˇRONTAG SA;33640;YECTAFER COMPLEX;HIERRO (III)ˇ (COMO HIERRO DEXTRANO DE BAJO PESO MOLECULAR) µCIDO F‡LICOˇHIDROXOCOBALAMINA (COMO ACETATO);5% (625 MG/2ML) - 1MG / 2 ML -  0,1 MG/ 2 ML;SOLUCI‡N INYECTABLE IM;10 AMPOLLAS POR 2 ML;ANTIANEMICO;VER PROSPECTO EN VNM ANMAT;;;;;;;;;;;;;;;;;;;;;;;;;;;;;;;;
ROEMMERS S.A.I.C.F.;34347;AMOXIDAL;AMOXICILINA ˇ(COMO TRIHIDRATO);500 MG;COMPRIMIDO RECUBIERTO;BLISTER POR 16 UNIDADES;ANTIBACTERIANO;VER PROSPECTO EN VNM ANMAT;;;;;;;;;;;;;;;;;;;;;;;;;;;;;;;;
SOUBEIRAN CHOBET S.R.L.;34774;PLATSUL-A;SULFADIAZINA DE PLATA-VITAMINA A-LIDOCAINA;1ˇ G -248.000 UI-0.666 G / 100 G;CREMA;1 POMO X 15G;ANTIBACTERIANO, BACTERICIDA, BACTERIOSTATICO, CICATRIZANTE, ANESTESICO LOCAL;VER PROSPECTO EN VNM ANMAT;;;;;;;;;;;;;;;;;;;;;;;;;;;;;;;;
GSK BIOPHARMA ARGENTINA S.A.;35316;DERMADEX;17-PROPIONATO DE CLOBETASOL;0.05%;CREMA;1 TUBO por 30 G;ANTIINFLAMATORIO CORTICOSTEROIDE TOPICO;VER PROSPECTO EN VNM ANMAT;;;;;;;;;;;;;;;;;;;;;;;;;;;;;;;;
GSK BIOPHARMA ARGENTINA S.A.;35316;DERMADEX;17-PROPIONATO DE CLOBETASOL;0,05%;CREMA;1 TUBO por 15 G;ANTIINFLAMATORIO CORTICOSTEROIDE TOPICO;VER PROSPECTO EN VNM ANMAT;;;;;;;;;;;;;;;;;;;;;;;;;;;;;;;;
GSK BIOPHARMA ARGENTINA S.A.;35316;DERMADEX;17-PROPIONATO DE CLOBETASOL;0,05%;UNGöENTO;1 TUBO por 15 G;ANTIINFLAMATORIO CORTICOSTEROIDE TOPICO;VER PROSPECTO EN VNM ANMAT;;;;;;;;;;;;;;;;;;;;;;;;;;;;;;;;
LABORATORIO LEPETIT S.A.;35321;AMOXOL DUO;AMOXICILINA ˇ(COMO TRIHIDRATO);750 MG / 5 ML;POLVO PARA SUSPENSION ORAL;70 ML;ANTIBACTERIANO;VER PROSPECTO EN VNM ANMAT;;;;;;;;;;;;;;;;;;;;;;;;;;;;;;;;
LABORATORIO LEPETIT S.A.;35321;AMOXOL DUO;AMOXICILINA ˇ(COMO TRIHIDRATO);875 MG;COMPRIMIDO RECUBIERTO;10 UNIDADES;ANTIBACTERIANO;VER PROSPECTO EN VNM ANMAT;;;;;;;;;;;;;;;;;;;;;;;;;;;;;;;;
LABORATORIO LEPETIT S.A.;35321;AMOXOL DUO;AMOXICILINA ˇ(COMO TRIHIDRATO);875 MG;COMPRIMIDO RECUBIERTO;14 UNIDADES;ANTIBACTERIANO;VER PROSPECTO EN VNM ANMAT;;;;;;;;;;;;;;;;;;;;;;;;;;;;;;;;
GSK BIOPHARMA ARGENTINA S.A.;43553;FLIXOTIDE;PROPIONATO DE FLUTICASONA;50 MCG;AEROSOL;ENVASE POR 120 DOSIS;AGENTES CONTRA PADECIMIENTOS OBSTRUCTIVOS DE LAS VIAS RESPIRATORIAS, CORTICOSTEROIDE INHALATORIO;VER PROSPECTO EN VNM ANMAT;;;;;;;;;;;;;;;;;;;;;;;;;;;;;;;;
GSK BIOPHARMA ARGENTINA S.A.;43553;FLIXOTIDE;PROPIONATO DE FLUTICASONA;125 MCG;AEROSOL;1 ENVASE por 120 DOSIS;IDEM ANTERIOR;VER PROSPECTO EN VNM ANMAT;;;;;;;;;;;;;;;;;;;;;;;;;;;;;;;;
GSK BIOPHARMA ARGENTINA S.A.;43553;FLIXOTIDE;PROPIONATO DE FLUTICASONA;250 MCG;AEROSOL;1 ENVASE por 120 DOSIS;IDEM ANTERIOR;VER PROSPECTO EN VNM ANMAT;;;;;;;;;;;;;;;;;;;;;;;;;;;;;;;;
GSK BIOPHARMA ARGENTINA S.A.;44042;BETNOVATE N;BETAMETASONA 17-VALERATO + SULFATO DE NEOMICINA;0.122 % + 0.5 %;CREMA;1 TUBO por 30 G;ANTIINFLAMATORIO CORTICOSTEROIDE, ANTIBACTERIANO TOPICO;VER PROSPECTO EN VNM ANMAT;;;;;;;;;;;;;;;;;;;;;;;;;;;;;;;;
GSK BIOPHARMA ARGENTINA S.A.;44859;VALTREX;VALACICLOVIR;500 MG;COMPRIMIDO RECUBIERTO;10 UNIDADES;ANTIVIROSICO, INDICADO PARA TRATAMIENTO VIRUS HERPES;VER PROSPECTO EN VNM ANMAT;;;;;;;;;;;;;;;;;;;;;;;;;;;;;;;;
LABORATORIOS MONSERRAT Y ECLAIR S.A.;45029;TILK;KETOCONAZOL;1 G / 100 ML;SHAMPOO;1 FRASCO POR 60 ML;CHAMPÈ PARA EL TRATAMIENTO Y PREVENCION DE INFECCIONES POR PITYROSPORUM OVALE (CASPA, DERMATITIS SEBORREICA, PITYRIASIS VERSICOLOR);VER PROSPECTO EN VNM ANMAT;;;;;;;;;;;;;;;;;;;;;;;;;;;;;;;;
LABORATORIOS RICHET S.A.;45370;MEROPENEM RICHET;MEROPENEM ;1 G / FRASCO AMPOLLA;INYECTABLE IV;50 FRASCOS AMPOLLA;ANTIBACTERIANO;VER PROSPECTO EN VNM ANMAT;;;;;;;;;;;;;;;;;;;;;;;;;;;;;;;;
QUIMICA ARISTON   S A I C I F;45943;HYDRAPRES;HIDRALAZINA CLORHIDRATO;50 MG;COMPRIMIDO;30 UNIDADES;INSUFICIENCIA CARDIACA CONGESTIVA, TRATAMIENTO HIPERTENSION;VER PROSPECTO EN VNM ANMAT;;;;;;;;;;;;;;;;;;;;;;;;;;;;;;;;
KLONAL S.R.L;47066;FENOBARBITAL KLONAL;FENOBARBITALˇ;15 MG;COMPRIMIDO;ESTUCHE CONTENIENDO 150 COMPRIMIDOS (10 BLISTER DE 15 COMPRIMIDOS CADA UNO);BARBITURICO DE ACCI‡N ANTICONVULSIVANTE, SEDANTE, HIPNOTICO;VER PROSPECTO EN VNM ANMAT;;;;;;;;;;;;;;;;;;;;;;;;;;;;;;;;
MICROSULES ARGENTINA S.A. DE SERVICIOS COM IND INMB AGROPECUARIA;47433;VIRIPOTENS 100;SILDENAFIL;100 MG;COMPRIMIDO RECUBIERTO;2 COMPRIMIDOS RECUBIERTOS;TRATAMIENTO DE LA DISFUNCION ERECTIL;VER PROSPECTO EN VNM ANMAT;;;;;;;;;;;;;;;;;;;;;;;;;;;;;;;;
GSK BIOPHARMA ARGENTINA S.A.;48060;SERETIDE DISKUS;PROPIONATO DE FLUTICASONA + SALMETEROL;500 MCG + 50 MCG;POLVO PARA INHALAR;1 ENVASE por 60 DOSIS;AGENTES CONTRA PADECIMIENTOS OBSTRUCTIVOS DE LAS VIAS RESPIRATORIAS, CORTICOSTEROIDE INHALATORIO;VER PROSPECTO EN VNM ANMAT;;;;;;;;;;;;;;;;;;;;;;;;;;;;;;;;
LABORATORIO INTERNACIONAL ARGENTINO S.A;48622;OPLIPHON;FENITO÷NA S‡DICA;100 MG/ 2 ML;SOLUCION INYECTABLE;ENVASES QUE CONTIENEN 25 AMPOLLAS DE USO HOSPITALARIO EXCLUSIVO (U.H.E.);ANTICONVULSIVANTE ANTIEPILEPTICO;VER PROSPECTO EN VNM ANMAT;;;;;;;;;;;;;;;;;;;;;;;;;;;;;;;;
GSK BIOPHARMA ARGENTINA S.A.;48625;KEPPRA;LEVETIRACETAM;1000 MG;COMPRIMIDO RECUBIERTO;30 UNIDADES;ANTICONVULSIVANTE ANTIEPILEPTICO;VER PROSPECTO EN VNM ANMAT;;;;;;;;;;;;;;;;;;;;;;;;;;;;;;;;
QUIMICA ARISTON   S A I C I F;48870;OXCARBA 300;OXCARBAZEPINA;300 MG;COMPRIMIDO RECUBIERTO;30 UNIDADES;TRATAMIENTO DE EPILEPSIA, DESDE EL INICIO ( GRAN MAL) Y CRISIS SECUNDARIAS DE ADULTOS Y NI•OS MAYORES DE 5 A•OS DE EDAD;VER PROSPECTO EN VNM ANMAT;;;;;;;;;;;;;;;;;;;;;;;;;;;;;;;;
QUIMICA ARISTON   S A I C I F;48870;OXCARBA 300;OXCARBAZEPINA;300 MG;COMPRIMIDO RECUBIERTO;60 UNIDADES;;VER PROSPECTO EN VNM ANMAT;;;;;;;;;;;;;;;;;;;;;;;;;;;;;;;;
QUIMICA ARISTON   S A I C I F;48870;OXCARBA 600;OXCARBAZEPINA;600 MG;COMPRIMIDO RECUBIERTO;30 UNIDADES;;VER PROSPECTO EN VNM ANMAT;;;;;;;;;;;;;;;;;;;;;;;;;;;;;;;;
QUIMICA ARISTON   S A I C I F;48870;OXCARBA 600;OXCARBAZEPINA;600 MG;COMPRIMIDO RECUBIERTO;60 UNIDADES;;VER PROSPECTO EN VNM ANMAT;;;;;;;;;;;;;;;;;;;;;;;;;;;;;;;;
LABORATORIO LEPETIT S.A.;49124;CLAMOXOL DUO;AMOXICILINA/ACIDO CLAVULANICO;875 MG / 125 MG;ˇCOMPRIMIDO RECUBIERTO;10 UNIDADES;ANTIBACTERIANO;VER PROSPECTO EN VNM ANMAT;;;;;;;;;;;;;;;;;;;;;;;;;;;;;;;;
LABORATORIO LEPETIT S.A.;49124;CLAMOXOL DUO;AMOXICILINA/ACIDO CLAVULANICO;875 MG / 125 MG;ˇCOMPRIMIDO RECUBIERTO;14 UNIDADES;ANTIBACTERIANO;VER PROSPECTO EN VNM ANMAT;;;;;;;;;;;;;;;;;;;;;;;;;;;;;;;;
LABORATORIO LEPETIT S.A.;49124;CLAMOXOL DUO;AMOXICILINA/ACIDO CLAVULANICO;400 MG/ 5 ML - 57 MG/ 5 ML;POLVO PARA PREPARAR SUSPENSION EXTEMPORANEA;FRASCO POR 70 ML;ANTIBACTERIANO;VER PROSPECTO EN VNM ANMAT;;;;;;;;;;;;;;;;;;;;;;;;;;;;;;;;
LABORATORIO LEPETIT S.A.;49124;CLAMOXOL DUO;AMOXICILINA/ACIDO CLAVULANICO;400 MG/ 5 ML - 57 MG/ 5 ML;POLVO PARA PREPARAR SUSPENSION EXTEMPORANEA;FRASCO POR 140 ML;ANTIBACTERIANO;VER PROSPECTO EN VNM ANMAT;;;;;;;;;;;;;;;;;;;;;;;;;;;;;;;;
LABORATORIO VANNIER SA;49158;TERAZOSINA VANNIER 5 mg;TERAZOSINA (COMO CLORHIDRATO DIHIDRATO);5 MG;COMPRIMIDO;1000 UNIDADES;HIPERPLASIA PROSTATICA BENIGNA SINTOMµTICA;VER PROSPECTO EN VNM ANMAT;;;;;;;;;;;;;;;;;;;;;;;;;;;;;;;;
LABORATORIO VANNIER SA;49524;ZOLPIDEM VANNIER;ZOLPIDEM HEMITARTRATO;10 MG;COMPRIMIDO;1000 COMPRIMIDOS (HOSPITALARIA;HIPNOTICO;VER PROSPECTO EN VNM ANMAT;;;;;;;;;;;;;;;;;;;;;;;;;;;;;;;;
LABORATORIO VANNIER SA;49893;TRIMEBUTINA VANNIER 200 mg;TRIMEBUTINA MALEATO ;ˇ200 MG;COMPRIMIDO RECUBIERTO;1000 UNIDADES;ESPASMOLITICO, MODULADOR DE LA ACTIVIDAD DIGESTIVA;VER PROSPECTO EN VNM ANMAT;;;;;;;;;;;;;;;;;;;;;;;;;;;;;;;;
QUIMICA ARISTON   S A I C I F;50618;TREGINAX 25;LAMOTRIGINA;25 MG;COMPRIMIDO DISPERSABLE;30 UNIDADES;ANTIEPILEPTICO;VER PROSPECTO EN VNM ANMAT;;;;;;;;;;;;;;;;;;;;;;;;;;;;;;;;
QUIMICA ARISTON   S A I C I F;50618;TREGINAX 50;LAMOTRIGINA;50 MG;COMPRIMIDO DISPERSABLE;30 UNIDADES;ANTIEPILEPTICO;VER PROSPECTO EN VNM ANMAT;;;;;;;;;;;;;;;;;;;;;;;;;;;;;;;;
QUIMICA ARISTON   S A I C I F;50618;TREGINAX 100;LAMOTRIGINA;100 MG;COMPRIMIDO DISPERSABLE;30 UNIDADES;ANTIEPILEPTICO;VER PROSPECTO EN VNM ANMAT;;;;;;;;;;;;;;;;;;;;;;;;;;;;;;;;
QUIMICA ARISTON   S A I C I F;50618;TREGINAX 200;LAMOTRIGINA;200 MG;COMPRIMIDO DISPERSABLE;30 UNIDADES;ANTIEPILEPTICO;VER PROSPECTO EN VNM ANMAT;;;;;;;;;;;;;;;;;;;;;;;;;;;;;;;;
LABORATORIO RONTAG SA;50903;AXOKINE;HIDROXICLOROQUINA SULFATOˇ;200 MG;COMPRIMIDO RECUBIERTO;BLISTER POR 60 UNIDADES;ANTIMALARICO;VER PROSPECTO EN VNM ANMAT;;;;;;;;;;;;;;;;;;;;;;;;;;;;;;;;
LABORATORIO RONTAG SA;51422;LEFLUAR;LEFLUNOMIDA;20 MG;COMPRIMIDO RECUBIERTO;BLISTER POR 30 UNIDADES;AGENTES INMUNOSUPRESORES SELECTIVOS;VER PROSPECTO EN VNM ANMAT;;;;;;;;;;;;;;;;;;;;;;;;;;;;;;;;
LABORATORIOSˇ ˇANDR‡MACO SAICI;51516;MUPIDERM;MUPIROCINA CµLCICA;2,15 G / 100 G;CREMA;1 POMO X 15G;ANTIBACTERIANO DE USO TOPICO;VER PROSPECTO EN VNM ANMAT;;;;;;;;;;;;;;;;;;;;;;;;;;;;;;;;
SANT GALL FRIBURG Q.C.I.S.R.L.;51990;AZITROGAL;AZITROMICINA (COMO AZITROMICINA DIHIDRATO);200 MG / 5 ML;POLVO PARA PREPARAR SUSPENSION EXTEMPORANEA;1 FRASCO POR 30 ML;ANTIBACTERIANO;VER PROSPECTO EN VNM ANMAT;;;;;;;;;;;;;;;;;;;;;;;;;;;;;;;;
EUROFARMA ARGENTINA S.A.;52720;INTERLEC ER;GALANTAMINA (COMO GALANTAMINA BROMHIDRATO);8 MG;CµPSULAS DE LIBERACI‡N PROLONGADA;28 UNIDADES;TRATAMIENTO DE LA DEMENCIA TIPO ALZHEIMER DE CARµCTER LEVE O MODERADA;VER PROSPECTO EN VNM ANMAT;;;;;;;;;;;;;;;;;;;;;;;;;;;;;;;;
EUROFARMA ARGENTINA S.A.;52720;INTERLEC ER;GALANTAMINA (COMO GALANTAMINA BROMHIDRATO);16 MG;CµPSULAS DE LIBERACI‡N PROLONGADA;28 UNIDADES;TRATAMIENTO DE LA DEMENCIA TIPO ALZHEIMER DE CARµCTER LEVE O MODERADA;VER PROSPECTO EN VNM ANMAT;;;;;;;;;;;;;;;;;;;;;;;;;;;;;;;;
QU÷MICA LUAR S.R.L.;52976;AMITRIPTILINA LUAR;AMITRIPTILINA CLORHIDRATO;25 MG;COMPRIMIDO RECUBIERTO;BLISTER POR 510 UNIDADES;ANTIDEPRESIVO;VER PROSPECTO EN VNM ANMAT;;;;;;;;;;;;;;;;;;;;;;;;;;;;;;;;
LABORATORIOS DUNCAN S.A;54654;DASTEN CRONOS;BETAMETASONA FOSFATO ODICA/ BETAMETASONA ACETATO;3,9 MG/ML - 3MG/ML;SUSPENSION INYECTABLE;ENVASE HOSPITALARIO POR 100 FRASCOS AMPOLLAˇ;CORTICOSTEROIDE DE ACCION RAPIDA Y PROLONGADA;VER PROSPECTO EN VNM ANMAT;;;;;;;;;;;;;;;;;;;;;;;;;;;;;;;;
LABORATORIOS CASASCO S.A.I.C.;54668;IFENIL MD 24;DROSPIRENONAˇ -ˇ ETINILESTRADIOL;DROSPIRENONA 3,0 MGˇ -ˇ ETINILESTRADIOL 0,02 MG;COMPRIMIDO RECUBIERTO;ENVASE CONTENIENDO 1 BLISTER CON 28 COMPRIMIDOS RECUBIERTOS (24 COMPRIMIDOS RECUBIERTOS ACTIVOS + 4 COMPRIMIDOS RECUBIERTOS INACTIVOS);ANTICONCEPTIVO ORAL ;VER PROSPECTO EN VNM ANMAT;;;;;;;;;;;;;;;;;;;;;;;;;;;;;;;;
GSK BIOPHARMA ARGENTINA S.A.;54867;REQUIP PD 8 MG;ROPINIROL (COMO CLORHIDRATO);8 MG;COMPRIMIDO DE LIBERACION PROLONGADA;28 UNIDADES;TRATAMIENTO DE ENFERMEDAD DE PARKINSON, COMO MONOTERAPIA AL INICIO Y EN COMBINACION CON LEVODOPA EN EL TRANSCURSO DE LA ENFERMEDAD;;;;;;;;;;;;;;;;;;;;;;;;;;;;;;;;;
GSK BIOPHARMA ARGENTINA S.A.;55099;VOLIBRIS;AMBRISENTAN;5 MG;COMPRIMIDO RECUBIERTO;30 UNIDADES;ANTIHIPERTENSIVO;VER PROSPECTO EN VNM ANMAT;;;;;;;;;;;;;;;;;;;;;;;;;;;;;;;;
QUIMICA ARISTON   S A I C I F;55484;QUEPAX XR 50;QUETIAPINA (COMO HEMIFUMARATO);50 MG;COMPRIMIDO DE LIBERACION EXTENDIDA;30 UNIDADES;ANTIPSICOTICO;VER PROSPECTO EN VNM ANMAT;;;;;;;;;;;;;;;;;;;;;;;;;;;;;;;;
QUIMICA ARISTON   S A I C I F;55484;QUEPAX XR 200;QUETIAPINA (COMO HEMIFUMARATO);200 MG;COMPRIMIDO DE LIBERACION EXTENDIDA;30 UNIDADES;ANTIPSICOTICO;VER PROSPECTO EN VNM ANMAT;;;;;;;;;;;;;;;;;;;;;;;;;;;;;;;;
QUIMICA ARISTON   S A I C I F;55484;QUEPAX XR 300;QUETIAPINA (COMO HEMIFUMARATO);300 MG;COMPRIMIDO DE LIBERACION EXTENDIDA;30 UNIDADES;ANTIPSICOTICO;VER PROSPECTO EN VNM ANMAT;;;;;;;;;;;;;;;;;;;;;;;;;;;;;;;;
QUIMICA ARISTON   S A I C I F;55484;QUEPAX XR 400;QUETIAPINA (COMO HEMIFUMARATO);400 MG;COMPRIMIDO DE LIBERACION EXTENDIDA;30 UNIDADES;ANTIPSICOTICO;VER PROSPECTO EN VNM ANMAT;;;;;;;;;;;;;;;;;;;;;;;;;;;;;;;;
GSK BIOPHARMA ARGENTINA S.A.;56675;BENLYSTA;BELIMUMAB;120 MG;POLVO PARA SOLUCION PARA PERFUSION;1 FRASCO AMPOLLA por 120 MG;INMUNOSUPRESOR SELECTIVO;VER PROSPECTO EN VNM ANMAT;;;;;;;;;;;;;;;;;;;;;;;;;;;;;;;;
GSK BIOPHARMA ARGENTINA S.A.;56675;BENLYSTA;BELIMUMAB;400 MG;POLVO PARA SOLUCION PARA PERFUSION;1 FRASCO AMPOLLA por 400 MG;INMUNOSUPRESOR SELECTIVO;VER PROSPECTO EN VNM ANMAT;;;;;;;;;;;;;;;;;;;;;;;;;;;;;;;;
CRAVERI S.A.I.C.;56775;BIORGAN S;TRIMEBUTINA - SIMETICONA;TRIMEBUTINA MALEATO 200 MG - SIMETICONA 120 MG;COMPRIMIDO RECUBIERTO;ESTUCHE PORˇ 20 COMPRIMIDOS;ANTIESPASMODICO, ANTIFLATULENTO;VER PROSPECTO EN VNM ANMAT;;;;;;;;;;;;;;;;;;;;;;;;;;;;;;;;
CRAVERI S.A.I.C.;56776;BIORGAN S;TRIMEBUTINA - SIMETICONA;TRIMEBUTINA MALEATO 200 MG - SIMETICONA 120 MG;COMPRIMIDO RECUBIERTOˇˇ;ESTUCHE PORˇ 40 COMPRIMIDOS;ANTIESPASMODICO, ANTIFLATULENTO;VER PROSPECTO EN VNM ANMAT;;;;;;;;;;;;;;;;;;;;;;;;;;;;;;;;
BRIXEN LABS S.A.;56837;TRAZIDEX OFTENO;TOBRAMICINA DEXAMETASONA;3 MG / 1 ML  - 1 MG / 1 ML;SUSPENSION OFTALMICA;1 FRASCO GOTERO POR 5 ML;ANTIBACTERIANO, ANTIINFLAMATORIO;VER PROSPECTO EN VNM ANMAT;;;;;;;;;;;;;;;;;;;;;;;;;;;;;;;;
GSK BIOPHARMA ARGENTINA S.A.;57442;TIVICAY;DOLUTEGRAVIR;50 MG;COMPRIMIDO RECUBIERTOˇˇ;1 FRASCO por 30 UNIDADES;ANTIRRETROVIRAL;VER PROSPECTO EN VNM ANMAT;;;;;;;;;;;;;;;;;;;;;;;;;;;;;;;;
GSK BIOPHARMA ARGENTINA S.A.;57832;INCRUSE ELLIPTA;UMECLIDINIO (Como UMECLIDINEO BROMURO);62,5 MCG (74,2 mcg);POLVO PARA INHALAR;30 DOSIS;TRATAMIENTO BRONCODILATADOR, PARA ALIVIAR LOS SINTOMAS DE ENFERMEDAD OBSTRUCTIVA CRONICA;VER PROSPECTO EN VNM ANMAT;;;;;;;;;;;;;;;;;;;;;;;;;;;;;;;;
GSK BIOPHARMA ARGENTINA S.A.;57832;INCRUSE ELLIPTA;UMECLIDINIO (Como UMECLIDINEO BROMURO;62,5 MCG (74,2 mcg);POLVO PARA INHALAR;30 DOSIS;IDEM ANTERIOR;VER PROSPECTO EN VNM ANMAT;;;;;;;;;;;;;;;;;;;;;;;;;;;;;;;;
LABORATORIO VANNIER SA;57864;PREGABALINA VANNIER 150;PREGABALINA;150 MG;CAPSULAS DURAS;504 CAPSULAS DURAS (HOSPITALARIA);ANTIEPILEPTICO, ANTINEURALGICO, ANSIOLITICO;VER PROSPECTO EN VNM ANMAT;;;;;;;;;;;;;;;;;;;;;;;;;;;;;;;;
PRODUCTOS FARMACEUTICOS DR GRAY S A COM IND;58885;ˇDEXMEDETOMIDINA GRAY;ˇDEXMEDETOMIDINA ;118 MCG/ML;SOLUCION INYECTABLE PARA PERFUSION;25 FRASCOS AMPOLLA X 2 ML;SEDACION DE PACIENTES EN UCI QUE REQUIERAN UN NIVEL DE SEDACION CORRESPONDIENTE A UN GRADO DE 0-3 EN LA ESCALA DE SEDACION Y AGITACION DE RICHMOND (RASS);VER PROSPECTO EN VNM ANMAT;;;;;;;;;;;;;;;;;;;;;;;;;;;;;;;;
PRODUCTOS FARMACEUTICOS DR GRAY S A COM IND;58885;ˇDEXMEDETOMIDINA GRAY;ˇDEXMEDETOMIDINA ;118 MCG/ML;SOLUCION INYECTABLE PARA PERFUSION;50 FRASCOS AMPOLLA X 2 ML;IDEM ANTERIOR;VER PROSPECTO EN VNM ANMAT;;;;;;;;;;;;;;;;;;;;;;;;;;;;;;;;
PRODUCTOS FARMACEUTICOS DR GRAY S A COM IND;58885;ˇDEXMEDETOMIDINA GRAY;ˇDEXMEDETOMIDINA ;118 MCG/ML;SOLUCION INYECTABLE PARA PERFUSION;100 FRASCOS AMPOLLA X 2 ML;IDEM ANTERIOR;VER PROSPECTO EN VNM ANMAT;;;;;;;;;;;;;;;;;;;;;;;;;;;;;;;;
ROSPAW SRL;58889;APECUR;ARIPIPRAZOL;5 MG;COMPRIMIDO;ENVASE POR 30 COMPRIMIDOS;ANTIPSICOTICO;VER PROSPECTO EN VNM ANMAT;;;;;;;;;;;;;;;;;;;;;;;;;;;;;;;;
ROSPAW SRL;58890;APECUR;ARIPIPRAZOL;6 MG;COMPRIMIDO;ENVASES HOSPITALARIOS POR 900 COMPRIMIDOS;ANTIPSICOTICO;VER PROSPECTO EN VNM ANMAT;;;;;;;;;;;;;;;;;;;;;;;;;;;;;;;;
ROSPAW SRL;58891;APECUR;ARIPIPRAZOL;10 MG;COMPRIMIDO;ENVASES POR 30 COMPRIMIDOS;ANTIPSICOTICO;VER PROSPECTO EN VNM ANMAT;;;;;;;;;;;;;;;;;;;;;;;;;;;;;;;;
ROSPAW SRL;58892;APECUR;ARIPIPRAZOL;10 MG;COMPRIMIDO;ENVASE HOSPITALARIOS POR 900 COMPRIMIDOS;ANTIPSICOTICO;VER PROSPECTO EN VNM ANMAT;;;;;;;;;;;;;;;;;;;;;;;;;;;;;;;;
ROSPAW SRL;58893;APECUR;ARIPIPRAZOL;15 MG;COMPRIMIDO;ENVASE POR 30 COMPRIMIDOS;ANTIPSICOTICO;VER PROSPECTO EN VNM ANMAT;;;;;;;;;;;;;;;;;;;;;;;;;;;;;;;;
ROSPAW SRL;58894;APECUR;ARIPIPRAZOL;15 MG;COMPRIMIDO;ENVASES HOSPITALARIOS POR 900 COMPRIMIDOS;ANTIPSICOTICO;VER PROSPECTO EN VNM ANMAT;;;;;;;;;;;;;;;;;;;;;;;;;;;;;;;;
ROSPAW SRL;58895;APECUR;ARIPIPRAZOL;20 MG;COMPRIMIDO;ENVASE POR 15 COMPRIMIDOS;ANTIPSICOTICO;VER PROSPECTO EN VNM ANMAT;;;;;;;;;;;;;;;;;;;;;;;;;;;;;;;;
ROSPAW SRL;58896;APECUR;ARIPIPRAZOL;20 MG;COMPRIMIDO;ENVASES HOSPITALARIOS POR 900 COMPRIMIDOS;ANTIPSICOTICO;VER PROSPECTO EN VNM ANMAT;;;;;;;;;;;;;;;;;;;;;;;;;;;;;;;;
GEMINIS FARMACEUTICA S.A.;58959;RODICOX;ETORICOXIB;90 MG;COMPRIMIDO RECUBIERTOˇˇ;15 UNIDADES;ANTIINFLAMATORIO, ANTIRREUMATICO NO ESTEROIDEO, INHIBIDOR SELECTIVO DE LA CICLOOXIGENASA 2(COX-2);VER PROSPECTO EN VNM ANMAT;;;;;;;;;;;;;;;;;;;;;;;;;;;;;;;;
GEMINIS FARMACEUTICA S.A.;58959;RODICOX;ETORICOXIB;90 MG;COMPRIMIDO RECUBIERTO;30 UNIDADES;IDEM ANTERIOR;VER PROSPECTO EN VNM ANMAT;;;;;;;;;;;;;;;;;;;;;;;;;;;;;;;;
KLONAL S.R.L;59221;KLONAFUSID H;µCIDO FUS÷DICOˇ HIDROCORTISONA ACETATOˇ;µCIDO FUS÷DICOˇˇ 2 G% - HIDROCORTISONA ACETATO 1G %;CREMA DêRMICA;1 POMO X 15G;ANTIINFLAMATORIO, ANTIBACTERIANO TOPICO;VER PROSPECTO EN VNM ANMAT;;;;;;;;;;;;;;;;;;;;;;;;;;;;;;;;
ASTRAZENECA S.A.;59434;BREZTRI AEROSPHERE;BUDESONIDA GLICOPIRRONIO BROMURO FORMOTEROL FUMARATO DIHIDRATO;160 MCG / DOSIS - 9 MCG / DOSIS - 5 MCG / DOSIS;AEROSOL PARA INHALAR;1 AEROSOL POR 120 DOSIS CON VµLVULA DOSIFICADORA;TRATAMIENTO DE ENFERMEDAD OBSTRUCTIVA CRONICA;VER PROSPECTO EN VNM ANMAT;;;;;;;;;;;;;;;;;;;;;;;;;;;;;;;;
BIOTENK S.A.;59453;BEFOL B12 FORTE;DICLOFENAC POTµSICO / BETAMETASONA / CIANOCOBALAMINA;50 MG / 0,3 MG / 5 MG;COMPRIMIDO RECUBIERTOˇˇ;BLISTER POR 10 UNIDADES;ANTIINFLAMATORIO -ANALGESICO;VER PROSPECTO EN VNM ANMAT;;;;;;;;;;;;;;;;;;;;;;;;;;;;;;;;
BIOTENK S.A.;59453;BEFOL B12 FORTE;DICLOFENAC POTµSICO / BETAMETASONA / CIANOCOBALAMINA;50 MG / 0,3 MG / 5 MG;COMPRIMIDO RECUBIERTOˇˇ;BLISTER POR 20 UNIDADES;ANTIINFLAMATORIO -ANALGESICO;VER PROSPECTO EN VNM ANMAT;;;;;;;;;;;;;;;;;;;;;;;;;;;;;;;;
FINADIET S.A.C.I.F.I.;59537;IVAFINA;IVACAFTOR;150 MG;COMPRIMIDO RECUBIERTOˇˇ;ENVASE POR 60 COMPRIMIDOS RECUBIERTOS;TRATAMIENTO DE FIBROSIS QUISTICA EN ADULTOS Y NI•OS MAYORES DE 6 A•OS CON MAS DE 25 KG, QUE PRESENTEN UNA MUTACION DEL GEN CFTR SENSIBLE A IVACAFTOR  ;VER PROSPECTO EN VNM ANMAT;;;;;;;;;;;;;;;;;;;;;;;;;;;;;;;;
LABORATORIO ELEA PHOENIX S.A.;59555;DRIVELEA;ABACAVIR + LAMIVUDINA + DOLUTEGRAVIR;600 MG + 300 MG + 50 MG;COMPRIMIDO RECUBIERTOˇˇ;1 FRASCO por 30 UNIDADES;ANTIRRETROVIRAL;VER PROSPECTO EN VNM ANMAT;;;;;;;;;;;;;;;;;;;;;;;;;;;;;;;;
LABORATORIO CELTYC S.A.;59667;VANCOMICINA CELTYC 1000;VANCOMICINA;1000 MG;POLVO PARA INYECTABLE;50 FRASCOS AMPOLLA;ANTIMICROBIANO;VER PROSPECTO EN VNM ANMAT;;;;;;;;;;;;;;;;;;;;;;;;;;;;;;;;
LABORATORIOS BAGO S A;59694;GLIFOSIN;DAPAGLIFLOZINA;10 MG;COMPRIMIDO RECUBIERTOˇˇ;30 UNIDADES;TRATAMIENTO DE DIABETES MELLITUS TIPO 2;VER PROSPECTO EN VNM ANMAT;;;;;;;;;;;;;;;;;;;;;;;;;;;;;;;;
BALIARDA S.A.;59707;ICOPEN 0,5;ICOSAPENTO DE ETILO;500 MG;CµPSULAS BLANDAS;BLISTER POR 30 UNIDADES;COMPLEMENTO DEL TRATAMIENTO DE ESTATINAS EN LA MAXIMA DOSIS TOLERADA Y COMO COMPLEMENTO EN LA DIETA EN PACIENTES CON HIPERTRIGLICERIDEMIA(? 500 mg/dl);VER PROSPECTO EN VNM ANMAT;;;;;;;;;;;;;;;;;;;;;;;;;;;;;;;;
BALIARDA S.A.;59707;ICOPEN 1;ICOSAPENTO DE ETILO;1000 MG;CµPSULAS BLANDAS;BLISTER POR 30 UNIDADES;COMPLEMENTO DEL TRATAMIENTO DE ESTATINAS EN LA MAXIMA DOSIS TOLERADA;VER PROSPECTO EN VNM ANMAT;;;;;;;;;;;;;;;;;;;;;;;;;;;;;;;;
QUIMICA MONTPELLIER S.A.;59762;RILIF 16;BETAHISTINA DICLORHIDRATOˇ;16 MG;COMPRIMIDO RANURADO;30 UNIDADES;TRATAMIENTO DEL SINDROME DE MENIERE (VERTIGOS, PERDIDA DE AUDICION Y ACUFENOS);VER PROSPECTO EN VNM ANMAT;;;;;;;;;;;;;;;;;;;;;;;;;;;;;;;;
QUIMICA MONTPELLIER S.A.;59762;RILIF 24;BETAHISTINA DICLORHIDRATOˇ;24 MG;COMPRIMIDO RANURADO DIVIDOSIS;30 UNIDADES;IDEM ANTERIOR;VER PROSPECTO EN VNM ANMAT;;;;;;;;;;;;;;;;;;;;;;;;;;;;;;;;
QUIMICA MONTPELLIER S.A.;59762;RILIF 24;BETAHISTINA DICLORHIDRATOˇ;24 MG;COMPRIMIDO RANURADO DIVIDOSIS;60 UNIDADES;IDEM ANTERIOR;VER PROSPECTO EN VNM ANMAT;;;;;;;;;;;;;;;;;;;;;;;;;;;;;;;;
BALIARDA S.A.;59765;DAPAX 5;DAPAGLIFLOZINA (COMO PROPANODIOL MONOHIDRATO);5 MG;COMPRIMIDO RECUBIERTOˇˇ;BLISTER POR ˇ30 UNIDADES;HIPOGLUCEMIANTE ORAL;VER PROSPECTO EN VNM ANMAT;;;;;;;;;;;;;;;;;;;;;;;;;;;;;;;;
BALIARDA S.A.;59765;DAPAX 10;DAPAGLIFLOZINA (COMO PROPANODIOL MONOHIDRATO);10 MG;COMPRIMIDO RECUBIERTOˇˇ;BLISTER POR ˇ30 UNIDADES;HIPOGLUCEMIANTE ORAL;VER PROSPECTO EN VNM ANMAT;;;;;;;;;;;;;;;;;;;;;;;;;;;;;;;;
AMGEN BIOTECNOLOG÷A DE ARGENTINA S.R.L.;59768;LUMAKRAS;SOTORASIB;120 MG;COMPRIMIDO RECUBIERTOˇˇ;56 UNIDADES;AGENTE ANTINEOPLASICO;VER PROSPECTO EN VNM ANMAT;;;;;;;;;;;;;;;;;;;;;;;;;;;;;;;;
MONTE VERDE S.A.;59773;BRUKINSAˇ;ZANUBRUTINIB;80 MG;CµPSULAS;120 CAPSULASˇ;AGENTE ANTINEOPLASICO;VER PROSPECTO EN VNM ANMAT;;;;;;;;;;;;;;;;;;;;;;;;;;;;;;;;
TUTEUR S.A.C.I.F.I.A;59793;EMECLAD;CLADRIBINA;10 MG;COMPRIMIDO;1 UNIDAD;TRATAMIENTO DE ESCLEROSIS MULTIPLE RECURRENTE MUY ACTIVA;VER PROSPECTO EN VNM ANMAT;;;;;;;;;;;;;;;;;;;;;;;;;;;;;;;;
LABORATORIO CASASCO S.A.I.C;59807;NEDAL MET XR;METFORMINA CLORHIDRATO - DAPAGLIFLOZINA (COMO DAPAGLIFLOZINA PROPANODIOL MONOHIDRATO);METFORMINA CLORHIDRATO 1000 MG - DAPAGLIFLOZINA (COMO DAPAGLIFLOZINA PROPANODIOL MONOHIDRATO) 5MG;COMPRIMIDO RECUBIERTO DE LIBERACION PROLONGADAˇ;ENVASE CONTENIENDO 60 COMPRIMIDOS RECUBIERTOS DE LIBERACION PROLONGADA;HIPOGLUCEMIANTES ORALES;VER PROSPECTO EN VNM ANMAT;;;;;;;;;;;;;;;;;;;;;;;;;;;;;;;;
LABORATORIO CASASCO S.A.I.C;59807;NEDAL MET XR;METFORMINA CLORHIDRATO - DAPAGLIFLOZINA (COMO DAPAGLIFLOZINA PROPANODIOL MONOHIDRATO);METFRMINA CLORHIDRATO 1000 MG - DAPAGLIFLOZINA (COMO DAPAGLIFLOZINA PROPANODIOL MONOHIDRATO) 10MG;COMPRIMIDO RECUBIERTO DE LIBERACION PROLONGADAˇ;ENVASE CONTENIENDO 30 COMPRIMIDOS RECUBIERTOS DE LIBERACION PROLONGADA;HIPOGLUCEMIANTES ORALES;VER PROSPECTO EN VNM ANMAT;;;;;;;;;;;;;;;;;;;;;;;;;;;;;;;;
LABORATORIOS CASASCO S.A.I.C.;59821;SOTIL MET;"SITAGLIPTINA (COMO SITAGLIPTINA FOSFATO MONOHIDRATO); METFORMINA CLORHIDRATO";"SITAGLIPTINA (COMO SITAGLIPTINA FOSFATO MONOHIDRATO) 50 MG; METFORMINA CLORHIDRATOˇ 500 MG";COMPRIMIDO RECUBIERTOˇˇ;ENVASE CONTENIENDO 30 COMPRIMIDOS RECUBIERTOS;HIPOGLUCEMIANTES ORALES;VER PROSPECTO EN VNM ANMAT;;;;;;;;;;;;;;;;;;;;;;;;;;;;;;;;
LABORATORIOS CASASCO S.A.I.C.;59821;SOTIL MET;"SITAGLIPTINA (COMO SITAGLIPTINA FOSFATO MONOHIDRATO); METFORMINA CLORHIDRATO";"SITAGLIPTINA (COMO SITAGLIPTINA FOSFATO MONOHIDRATO) 50 MG; METFORMINA CLORHIDRATOˇ 850 MG";COMPRIMIDO RECUBIERTOˇˇ;ENVASE CONTENIENDO 60 COMPRIMIDOS RECUBIERTOS;HIPOGLUCEMIANTES ORALES;VER PROSPECTO EN VNM ANMAT;;;;;;;;;;;;;;;;;;;;;;;;;;;;;;;;
LABORATORIOS CASASCO S.A.I.C.;59821;SOTIL MET;"SITAGLIPTINA (COMO SITAGLIPTINA FOSFATO MONOHIDRATO); METFORMINA CLORHIDRATO";"SITAGLIPTINA (COMO SITAGLIPTINA FOSFATO MONOHIDRATO) 50 MG; METFORMINA CLORHIDRATOˇ 1000 MG";COMPRIMIDO RECUBIERTO;ENVASE CONTENIENDO 30 COMPRIMIDOS RECUBIERTOS;HIPOGLUCEMIANTES ORALES;VER PROSPECTO EN VNM ANMAT;;;;;;;;;;;;;;;;;;;;;;;;;;;;;;;;
LABORATORIOS CASASCO S.A.I.C.;59821;SOTIL MET;"SITAGLIPTINA (COMO SITAGLIPTINA FOSFATO MONOHIDRATO); METFORMINA CLORHIDRATO";"SITAGLIPTINA (COMO SITAGLIPTINA FOSFATO MONOHIDRATO) 50 MG; METFORMINA CLORHIDRATOˇ 1000 MG";COMPRIMIDO RECUBIERTOˇˇ;ENVASE CONTENIENDO 60 COMPRIMIDOS RECUBIERTOS;HIPOGLUCEMIANTES ORALES;VER PROSPECTO EN VNM ANMAT;;;;;;;;;;;;;;;;;;;;;;;;;;;;;;;;
LABORATORIO CASASCO S.A.I.C;59824;NEDAL;DAPAGLIFLOZINA (COMO DAPAGLIFLOZINA PROPANODIOL MONOHIDRATO);10 MG;COMPRIMIDO RECUBIERTOˇˇ;ENVASES CONTENIENDO 30 COMPRIMIDOS RECUBIERTOS;TRATAMIENTO DE DIABETES MELLITUS TIPO 2;VER PROSPECTO EN VNM ANMAT;;;;;;;;;;;;;;;;;;;;;;;;;;;;;;;;
;;;;;;;;;;;;;;;;;;;;;;;;;;;;;;;;;;;;;;;;
;;;;;;;;;;;;;;;;;;;;;;;;;;;;;;;;;;;;;;;;
;;;;;;;;;;;;;;;;;;;;;;;;;;;;;;;;;;;;;;;;
;;;;;;;;;;;;;;;;;;;;;;;;;;;;;;;;;;;;;;;;
;;;;;;;;;;;;;;;;;;;;;;;;;;;;;;;;;;;;;;;;
;;;;;;;;;;;;;;;;;;;;;;;;;;;;;;;;;;;;;;;;
;;;;;;;;;;;;;;;;;;;;;;;;;;;;;;;;;;;;;;;;
;;;;;;;;;;;;;;;;;;;;;;;;;;;;;;;;;;;;;;;;
;;;;;;;;;;;;;;;;;;;;;;;;;;;;;;;;;;;;;;;;
;;;;;;;;;;;;;;;;;;;;;;;;;;;;;;;;;;;;;;;;
;;;;;;;;;;;;;;;;;;;;;;;;;;;;;;;;;;;;;;;;
;;;;;;;;;;;;;;;;;;;;;;;;;;;;;;;;;;;;;;;;
;;;;;;;;;;;;;;;;;;;;;;;;;;;;;;;;;;;;;;;;
;;;;;;;;;;;;;;;;;;;;;;;;;;;;;;;;;;;;;;;;
;;;;;;;;;;;;;;;;;;;;;;;;;;;;;;;;;;;;;;;;
;;;;;;;;;;;;;;;;;;;;;;;;;;;;;;;;;;;;;;;;
;;;;;;;;;;;;;;;;;;;;;;;;;;;;;;;;;;;;;;;;
;;;;;;;;;;;;;;;;;;;;;;;;;;;;;;;;;;;;;;;;
;;;;;;;;;;;;;;;;;;;;;;;;;;;;;;;;;;;;;;;;
;;;;;;;;;;;;;;;;;;;;;;;;;;;;;;;;;;;;;;;;
;;;;;;;;;;;;;;;;;;;;;;;;;;;;;;;;;;;;;;;;
;;;;;;;;;;;;;;;;;;;;;;;;;;;;;;;;;;;;;;;;
;;;;;;;;;;;;;;;;;;;;;;;;;;;;;;;;;;;;;;;;
;;;;;;;;;;;;;;;;;;;;;;;;;;;;;;;;;;;;;;;;
;;;;;;;;;;;;;;;;;;;;;;;;;;;;;;;;;;;;;;;;
;;;;;;;;;;;;;;;;;;;;;;;;;;;;;;;;;;;;;;;;
;;;;;;;;;;;;;;;;;;;;;;;;;;;;;;;;;;;;;;;;
;;;;;;;;;;;;;;;;;;;;;;;;;;;;;;;;;;;;;;;;
;;;;;;;;;;;;;;;;;;;;;;;;;;;;;;;;;;;;;;;;
;;;;;;;;;;;;;;;;;;;;;;;;;;;;;;;;;;;;;;;;
;;;;;;;;;;;;;;;;;;;;;;;;;;;;;;;;;;;;;;;;
;;;;;;;;;;;;;;;;;;;;;;;;;;;;;;;;;;;;;;;;
;;;;;;;;;;;;;;;;;;;;;;;;;;;;;;;;;;;;;;;;
;;;;;;;;;;;;;;;;;;;;;;;;;;;;;;;;;;;;;;;;
;;;;;;;;;;;;;;;;;;;;;;;;;;;;;;;;;;;;;;;;
;;;;;;;;;;;;;;;;;;;;;;;;;;;;;;;;;;;;;;;;
;;;;;;;;;;;;;;;;;;;;;;;;;;;;;;;;;;;;;;;;
;;;;;;;;;;;;;;;;;;;;;;;;;;;;;;;;;;;;;;;;
;;;;;;;;;;;;;;;;;;;;;;;;;;;;;;;;;;;;;;;;
;;;;;;;;;;;;;;;;;;;;;;;;;;;;;;;;;;;;;;;;
;;;;;;;;;;;;;;;;;;;;;;;;;;;;;;;;;;;;;;;;
;;;;;;;;;;;;;;;;;;;;;;;;;;;;;;;;;;;;;;;;
;;;;;;;;;;;;;;;;;;;;;;;;;;;;;;;;;;;;;;;;
;;;;;;;;;;;;;;;;;;;;;;;;;;;;;;;;;;;;;;;;
;;;;;;;;;;;;;;;;;;;;;;;;;;;;;;;;;;;;;;;;
;;;;;;;;;;;;;;;;;;;;;;;;;;;;;;;;;;;;;;;;
;;;;;;;;;;;;;;;;;;;;;;;;;;;;;;;;;;;;;;;;
;;;;;;;;;;;;;;;;;;;;;;;;;;;;;;;;;;;;;;;;
;;;;;;;;;;;;;;;;;;;;;;;;;;;;;;;;;;;;;;;;
;;;;;;;;;;;;;;;;;;;;;;;;;;;;;;;;;;;;;;;;
;;;;;;;;;;;;;;;;;;;;;;;;;;;;;;;;;;;;;;;;
;;;;;;;;;;;;;;;;;;;;;;;;;;;;;;;;;;;;;;;;
;;;;;;;;;;;;;;;;;;;;;;;;;;;;;;;;;;;;;;;;
;;;;;;;;;;;;;;;;;;;;;;;;;;;;;;;;;;;;;;;;
;;;;;;;;;;;;;;;;;;;;;;;;;;;;;;;;;;;;;;;;
;;;;;;;;;;;;;;;;;;;;;;;;;;;;;;;;;;;;;;;;
;;;;;;;;;;;;;;;;;;;;;;;;;;;;;;;;;;;;;;;;
;;;;;;;;;;;;;;;;;;;;;;;;;;;;;;;;;;;;;;;;
;;;;;;;;;;;;;;;;;;;;;;;;;;;;;;;;;;;;;;;;
;;;;;;;;;;;;;;;;;;;;;;;;;;;;;;;;;;;;;;;;
;;;;;;;;;;;;;;;;;;;;;;;;;;;;;;;;;;;;;;;;
;;;;;;;;;;;;;;;;;;;;;;;;;;;;;;;;;;;;;;;;
;;;;;;;;;;;;;;;;;;;;;;;;;;;;;;;;;;;;;;;;
;;;;;;;;;;;;;;;;;;;;;;;;;;;;;;;;;;;;;;;;
;;;;;;;;;;;;;;;;;;;;;;;;;;;;;;;;;;;;;;;;
;;;;;;;;;;;;;;;;;;;;;;;;;;;;;;;;;;;;;;;;
;;;;;;;;;;;;;;;;;;;;;;;;;;;;;;;;;;;;;;;;
;;;;;;;;;;;;;;;;;;;;;;;;;;;;;;;;;;;;;;;;
;;;;;;;;;;;;;;;;;;;;;;;;;;;;;;;;;;;;;;;;
;;;;;;;;;;;;;;;;;;;;;;;;;;;;;;;;;;;;;;;;
;;;;;;;;;;;;;;;;;;;;;;;;;;;;;;;;;;;;;;;;
;;;;;;;;;;;;;;;;;;;;;;;;;;;;;;;;;;;;;;;;
;;;;;;;;;;;;;;;;;;;;;;;;;;;;;;;;;;;;;;;;
;;;;;;;;;;;;;;;;;;;;;;;;;;;;;;;;;;;;;;;;
;;;;;;;;;;;;;;;;;;;;;;;;;;;;;;;;;;;;;;;;
;;;;;;;;;;;;;;;;;;;;;;;;;;;;;;;;;;;;;;;;
;;;;;;;;;;;;;;;;;;;;;;;;;;;;;;;;;;;;;;;;
;;;;;;;;;;;;;;;;;;;;;;;;;;;;;;;;;;;;;;;;
;;;;;;;;;;;;;;;;;;;;;;;;;;;;;;;;;;;;;;;;
;;;;;;;;;;;;;;;;;;;;;;;;;;;;;;;;;;;;;;;;
;;;;;;;;;;;;;;;;;;;;;;;;;;;;;;;;;;;;;;;;
;;;;;;;;;;;;;;;;;;;;;;;;;;;;;;;;;;;;;;;;
;;;;;;;;;;;;;;;;;;;;;;;;;;;;;;;;;;;;;;;;
;;;;;;;;;;;;;;;;;;;;;;;;;;;;;;;;;;;;;;;;
;;;;;;;;;;;;;;;;;;;;;;;;;;;;;;;;;;;;;;;;
;;;;;;;;;;;;;;;;;;;;;;;;;;;;;;;;;;;;;;;;
;;;;;;;;;;;;;;;;;;;;;;;;;;;;;;;;;;;;;;;;
;;;;;;;;;;;;;;;;;;;;;;;;;;;;;;;;;;;;;;;;
;;;;;;;;;;;;;;;;;;;;;;;;;;;;;;;;;;;;;;;;
;;;;;;;;;;;;;;;;;;;;;;;;;;;;;;;;;;;;;;;;
;;;;;;;;;;;;;;;;;;;;;;;;;;;;;;;;;;;;;;;;
;;;;;;;;;;;;;;;;;;;;;;;;;;;;;;;;;;;;;;;;
;;;;;;;;;;;;;;;;;;;;;;;;;;;;;;;;;;;;;;;;
;;;;;;;;;;;;;;;;;;;;;;;;;;;;;;;;;;;;;;;;
;;;;;;;;;;;;;;;;;;;;;;;;;;;;;;;;;;;;;;;;
;;;;;;;;;;;;;;;;;;;;;;;;;;;;;;;;;;;;;;;;
;;;;;;;;;;;;;;;;;;;;;;;;;;;;;;;;;;;;;;;;
;;;;;;;;;;;;;;;;;;;;;;;;;;;;;;;;;;;;;;;;
;;;;;;;;;;;;;;;;;;;;;;;;;;;;;;;;;;;;;;;;
;;;;;;;;;;;;;;;;;;;;;;;;;;;;;;;;;;;;;;;;
;;;;;;;;;;;;;;;;;;;;;;;;;;;;;;;;;;;;;;;;
;;;;;;;;;;;;;;;;;;;;;;;;;;;;;;;;;;;;;;;;
;;;;;;;;;;;;;;;;;;;;;;;;;;;;;;;;;;;;;;;;
;;;;;;;;;;;;;;;;;;;;;;;;;;;;;;;;;;;;;;;;
;;;;;;;;;;;;;;;;;;;;;;;;;;;;;;;;;;;;;;;;
;;;;;;;;;;;;;;;;;;;;;;;;;;;;;;;;;;;;;;;;
;;;;;;;;;;;;;;;;;;;;;;;;;;;;;;;;;;;;;;;;
;;;;;;;;;;;;;;;;;;;;;;;;;;;;;;;;;;;;;;;;
;;;;;;;;;;;;;;;;;;;;;;;;;;;;;;;;;;;;;;;;
;;;;;;;;;;;;;;;;;;;;;;;;;;;;;;;;;;;;;;;;
;;;;;;;;;;;;;;;;;;;;;;;;;;;;;;;;;;;;;;;;
;;;;;;;;;;;;;;;;;;;;;;;;;;;;;;;;;;;;;;;;
;;;;;;;;;;;;;;;;;;;;;;;;;;;;;;;;;;;;;;;;
;;;;;;;;;;;;;;;;;;;;;;;;;;;;;;;;;;;;;;;;
;;;;;;;;;;;;;;;;;;;;;;;;;;;;;;;;;;;;;;;;
;;;;;;;;;;;;;;;;;;;;;;;;;;;;;;;;;;;;;;;;
;;;;;;;;;;;;;;;;;;;;;;;;;;;;;;;;;;;;;;;;
;;;;;;;;;;;;;;;;;;;;;;;;;;;;;;;;;;;;;;;;
;;;;;;;;;;;;;;;;;;;;;;;;;;;;;;;;;;;;;;;;
;;;;;;;;;;;;;;;;;;;;;;;;;;;;;;;;;;;;;;;;
;;;;;;;;;;;;;;;;;;;;;;;;;;;;;;;;;;;;;;;;
;;;;;;;;;;;;;;;;;;;;;;;;;;;;;;;;;;;;;;;;
;;;;;;;;;;;;;;;;;;;;;;;;;;;;;;;;;;;;;;;;
;;;;;;;;;;;;;;;;;;;;;;;;;;;;;;;;;;;;;;;;
;;;;;;;;;;;;;;;;;;;;;;;;;;;;;;;;;;;;;;;;
;;;;;;;;;;;;;;;;;;;;;;;;;;;;;;;;;;;;;;;;
;;;;;;;;;;;;;;;;;;;;;;;;;;;;;;;;;;;;;;;;
;;;;;;;;;;;;;;;;;;;;;;;;;;;;;;;;;;;;;;;;
;;;;;;;;;;;;;;;;;;;;;;;;;;;;;;;;;;;;;;;;
;;;;;;;;;;;;;;;;;;;;;;;;;;;;;;;;;;;;;;;;
;;;;;;;;;;;;;;;;;;;;;;;;;;;;;;;;;;;;;;;;
;;;;;;;;;;;;;;;;;;;;;;;;;;;;;;;;;;;;;;;;
;;;;;;;;;;;;;;;;;;;;;;;;;;;;;;;;;;;;;;;;
;;;;;;;;;;;;;;;;;;;;;;;;;;;;;;;;;;;;;;;;
;;;;;;;;;;;;;;;;;;;;;;;;;;;;;;;;;;;;;;;;
;;;;;;;;;;;;;;;;;;;;;;;;;;;;;;;;;;;;;;;;
;;;;;;;;;;;;;;;;;;;;;;;;;;;;;;;;;;;;;;;;
;;;;;;;;;;;;;;;;;;;;;;;;;;;;;;;;;;;;;;;;
;;;;;;;;;;;;;;;;;;;;;;;;;;;;;;;;;;;;;;;;
;;;;;;;;;;;;;;;;;;;;;;;;;;;;;;;;;;;;;;;;
;;;;;;;;;;;;;;;;;;;;;;;;;;;;;;;;;;;;;;;;
;;;;;;;;;;;;;;;;;;;;;;;;;;;;;;;;;;;;;;;;
;;;;;;;;;;;;;;;;;;;;;;;;;;;;;;;;;;;;;;;;
;;;;;;;;;;;;;;;;;;;;;;;;;;;;;;;;;;;;;;;;
;;;;;;;;;;;;;;;;;;;;;;;;;;;;;;;;;;;;;;;;
;;;;;;;;;;;;;;;;;;;;;;;;;;;;;;;;;;;;;;;;
;;;;;;;;;;;;;;;;;;;;;;;;;;;;;;;;;;;;;;;;
;;;;;;;;;;;;;;;;;;;;;;;;;;;;;;;;;;;;;;;;
;;;;;;;;;;;;;;;;;;;;;;;;;;;;;;;;;;;;;;;;
;;;;;;;;;;;;;;;;;;;;;;;;;;;;;;;;;;;;;;;;
;;;;;;;;;;;;;;;;;;;;;;;;;;;;;;;;;;;;;;;;
;;;;;;;;;;;;;;;;;;;;;;;;;;;;;;;;;;;;;;;;
;;;;;;;;;;;;;;;;;;;;;;;;;;;;;;;;;;;;;;;;
;;;;;;;;;;;;;;;;;;;;;;;;;;;;;;;;;;;;;;;;
;;;;;;;;;;;;;;;;;;;;;;;;;;;;;;;;;;;;;;;;
;;;;;;;;;;;;;;;;;;;;;;;;;;;;;;;;;;;;;;;;
;;;;;;;;;;;;;;;;;;;;;;;;;;;;;;;;;;;;;;;;
;;;;;;;;;;;;;;;;;;;;;;;;;;;;;;;;;;;;;;;;
;;;;;;;;;;;;;;;;;;;;;;;;;;;;;;;;;;;;;;;;
;;;;;;;;;;;;;;;;;;;;;;;;;;;;;;;;;;;;;;;;
;;;;;;;;;;;;;;;;;;;;;;;;;;;;;;;;;;;;;;;;
;;;;;;;;;;;;;;;;;;;;;;;;;;;;;;;;;;;;;;;;
;;;;;;;;;;;;;;;;;;;;;;;;;;;;;;;;;;;;;;;;
;;;;;;;;;;;;;;;;;;;;;;;;;;;;;;;;;;;;;;;;
;;;;;;;;;;;;;;;;;;;;;;;;;;;;;;;;;;;;;;;;
;;;;;;;;;;;;;;;;;;;;;;;;;;;;;;;;;;;;;;;;
;;;;;;;;;;;;;;;;;;;;;;;;;;;;;;;;;;;;;;;;
;;;;;;;;;;;;;;;;;;;;;;;;;;;;;;;;;;;;;;;;
;;;;;;;;;;;;;;;;;;;;;;;;;;;;;;;;;;;;;;;;
;;;;;;;;;;;;;;;;;;;;;;;;;;;;;;;;;;;;;;;;
;;;;;;;;;;;;;;;;;;;;;;;;;;;;;;;;;;;;;;;;
;;;;;;;;;;;;;;;;;;;;;;;;;;;;;;;;;;;;;;;;
;;;;;;;;;;;;;;;;;;;;;;;;;;;;;;;;;;;;;;;;
;;;;;;;;;;;;;;;;;;;;;;;;;;;;;;;;;;;;;;;;
;;;;;;;;;;;;;;;;;;;;;;;;;;;;;;;;;;;;;;;;
;;;;;;;;;;;;;;;;;;;;;;;;;;;;;;;;;;;;;;;;
;;;;;;;;;;;;;;;;;;;;;;;;;;;;;;;;;;;;;;;;
;;;;;;;;;;;;;;;;;;;;;;;;;;;;;;;;;;;;;;;;
;;;;;;;;;;;;;;;;;;;;;;;;;;;;;;;;;;;;;;;;
;;;;;;;;;;;;;;;;;;;;;;;;;;;;;;;;;;;;;;;;
;;;;;;;;;;;;;;;;;;;;;;;;;;;;;;;;;;;;;;;;
;;;;;;;;;;;;;;;;;;;;;;;;;;;;;;;;;;;;;;;;
;;;;;;;;;;;;;;;;;;;;;;;;;;;;;;;;;;;;;;;;
;;;;;;;;;;;;;;;;;;;;;;;;;;;;;;;;;;;;;;;;
;;;;;;;;;;;;;;;;;;;;;;;;;;;;;;;;;;;;;;;;
;;;;;;;;;;;;;;;;;;;;;;;;;;;;;;;;;;;;;;;;
;;;;;;;;;;;;;;;;;;;;;;;;;;;;;;;;;;;;;;;;
;;;;;;;;;;;;;;;;;;;;;;;;;;;;;;;;;;;;;;;;
;;;;;;;;;;;;;;;;;;;;;;;;;;;;;;;;;;;;;;;;
;;;;;;;;;;;;;;;;;;;;;;;;;;;;;;;;;;;;;;;;
;;;;;;;;;;;;;;;;;;;;;;;;;;;;;;;;;;;;;;;;
;;;;;;;;;;;;;;;;;;;;;;;;;;;;;;;;;;;;;;;;
;;;;;;;;;;;;;;;;;;;;;;;;;;;;;;;;;;;;;;;;
;;;;;;;;;;;;;;;;;;;;;;;;;;;;;;;;;;;;;;;;
;;;;;;;;;;;;;;;;;;;;;;;;;;;;;;;;;;;;;;;;
;;;;;;;;;;;;;;;;;;;;;;;;;;;;;;;;;;;;;;;;
;;;;;;;;;;;;;;;;;;;;;;;;;;;;;;;;;;;;;;;;
;;;;;;;;;;;;;;;;;;;;;;;;;;;;;;;;;;;;;;;;
;;;;;;;;;;;;;;;;;;;;;;;;;;;;;;;;;;;;;;;;
;;;;;;;;;;;;;;;;;;;;;;;;;;;;;;;;;;;;;;;;
;;;;;;;;;;;;;;;;;;;;;;;;;;;;;;;;;;;;;;;;
;;;;;;;;;;;;;;;;;;;;;;;;;;;;;;;;;;;;;;;;
;;;;;;;;;;;;;;;;;;;;;;;;;;;;;;;;;;;;;;;;
;;;;;;;;;;;;;;;;;;;;;;;;;;;;;;;;;;;;;;;;
;;;;;;;;;;;;;;;;;;;;;;;;;;;;;;;;;;;;;;;;
;;;;;;;;;;;;;;;;;;;;;;;;;;;;;;;;;;;;;;;;
;;;;;;;;;;;;;;;;;;;;;;;;;;;;;;;;;;;;;;;;
;;;;;;;;;;;;;;;;;;;;;;;;;;;;;;;;;;;;;;;;
;;;;;;;;;;;;;;;;;;;;;;;;;;;;;;;;;;;;;;;;
;;;;;;;;;;;;;;;;;;;;;;;;;;;;;;;;;;;;;;;;
;;;;;;;;;;;;;;;;;;;;;;;;;;;;;;;;;;;;;;;;
;;;;;;;;;;;;;;;;;;;;;;;;;;;;;;;;;;;;;;;;
;;;;;;;;;;;;;;;;;;;;;;;;;;;;;;;;;;;;;;;;
;;;;;;;;;;;;;;;;;;;;;;;;;;;;;;;;;;;;;;;;
;;;;;;;;;;;;;;;;;;;;;;;;;;;;;;;;;;;;;;;;
;;;;;;;;;;;;;;;;;;;;;;;;;;;;;;;;;;;;;;;;
;;;;;;;;;;;;;;;;;;;;;;;;;;;;;;;;;;;;;;;;
;;;;;;;;;;;;;;;;;;;;;;;;;;;;;;;;;;;;;;;;
;;;;;;;;;;;;;;;;;;;;;;;;;;;;;;;;;;;;;;;;
;;;;;;;;;;;;;;;;;;;;;;;;;;;;;;;;;;;;;;;;
;;;;;;;;;;;;;;;;;;;;;;;;;;;;;;;;;;;;;;;;
;;;;;;;;;;;;;;;;;;;;;;;;;;;;;;;;;;;;;;;;
;;;;;;;;;;;;;;;;;;;;;;;;;;;;;;;;;;;;;;;;
;;;;;;;;;;;;;;;;;;;;;;;;;;;;;;;;;;;;;;;;
;;;;;;;;;;;;;;;;;;;;;;;;;;;;;;;;;;;;;;;;
;;;;;;;;;;;;;;;;;;;;;;;;;;;;;;;;;;;;;;;;
;;;;;;;;;;;;;;;;;;;;;;;;;;;;;;;;;;;;;;;;
;;;;;;;;;;;;;;;;;;;;;;;;;;;;;;;;;;;;;;;;
;;;;;;;;;;;;;;;;;;;;;;;;;;;;;;;;;;;;;;;;
;;;;;;;;;;;;;;;;;;;;;;;;;;;;;;;;;;;;;;;;
;;;;;;;;;;;;;;;;;;;;;;;;;;;;;;;;;;;;;;;;
;;;;;;;;;;;;;;;;;;;;;;;;;;;;;;;;;;;;;;;;
;;;;;;;;;;;;;;;;;;;;;;;;;;;;;;;;;;;;;;;;
;;;;;;;;;;;;;;;;;;;;;;;;;;;;;;;;;;;;;;;;
;;;;;;;;;;;;;;;;;;;;;;;;;;;;;;;;;;;;;;;;
;;;;;;;;;;;;;;;;;;;;;;;;;;;;;;;;;;;;;;;;
;;;;;;;;;;;;;;;;;;;;;;;;;;;;;;;;;;;;;;;;
;;;;;;;;;;;;;;;;;;;;;;;;;;;;;;;;;;;;;;;;
;;;;;;;;;;;;;;;;;;;;;;;;;;;;;;;;;;;;;;;;
;;;;;;;;;;;;;;;;;;;;;;;;;;;;;;;;;;;;;;;;
;;;;;;;;;;;;;;;;;;;;;;;;;;;;;;;;;;;;;;;;
;;;;;;;;;;;;;;;;;;;;;;;;;;;;;;;;;;;;;;;;
;;;;;;;;;;;;;;;;;;;;;;;;;;;;;;;;;;;;;;;;
;;;;;;;;;;;;;;;;;;;;;;;;;;;;;;;;;;;;;;;;
;;;;;;;;;;;;;;;;;;;;;;;;;;;;;;;;;;;;;;;;
;;;;;;;;;;;;;;;;;;;;;;;;;;;;;;;;;;;;;;;;
;;;;;;;;;;;;;;;;;;;;;;;;;;;;;;;;;;;;;;;;
;;;;;;;;;;;;;;;;;;;;;;;;;;;;;;;;;;;;;;;;
;;;;;;;;;;;;;;;;;;;;;;;;;;;;;;;;;;;;;;;;
;;;;;;;;;;;;;;;;;;;;;;;;;;;;;;;;;;;;;;;;
;;;;;;;;;;;;;;;;;;;;;;;;;;;;;;;;;;;;;;;;
;;;;;;;;;;;;;;;;;;;;;;;;;;;;;;;;;;;;;;;;
;;;;;;;;;;;;;;;;;;;;;;;;;;;;;;;;;;;;;;;;
;;;;;;;;;;;;;;;;;;;;;;;;;;;;;;;;;;;;;;;;
;;;;;;;;;;;;;;;;;;;;;;;;;;;;;;;;;;;;;;;;
;;;;;;;;;;;;;;;;;;;;;;;;;;;;;;;;;;;;;;;;
;;;;;;;;;;;;;;;;;;;;;;;;;;;;;;;;;;;;;;;;
;;;;;;;;;;;;;;;;;;;;;;;;;;;;;;;;;;;;;;;;
;;;;;;;;;;;;;;;;;;;;;;;;;;;;;;;;;;;;;;;;
;;;;;;;;;;;;;;;;;;;;;;;;;;;;;;;;;;;;;;;;
;;;;;;;;;;;;;;;;;;;;;;;;;;;;;;;;;;;;;;;;
;;;;;;;;;;;;;;;;;;;;;;;;;;;;;;;;;;;;;;;;
;;;;;;;;;;;;;;;;;;;;;;;;;;;;;;;;;;;;;;;;
;;;;;;;;;;;;;;;;;;;;;;;;;;;;;;;;;;;;;;;;
;;;;;;;;;;;;;;;;;;;;;;;;;;;;;;;;;;;;;;;;
;;;;;;;;;;;;;;;;;;;;;;;;;;;;;;;;;;;;;;;;
;;;;;;;;;;;;;;;;;;;;;;;;;;;;;;;;;;;;;;;;
;;;;;;;;;;;;;;;;;;;;;;;;;;;;;;;;;;;;;;;;
;;;;;;;;;;;;;;;;;;;;;;;;;;;;;;;;;;;;;;;;
;;;;;;;;;;;;;;;;;;;;;;;;;;;;;;;;;;;;;;;;
;;;;;;;;;;;;;;;;;;;;;;;;;;;;;;;;;;;;;;;;
;;;;;;;;;;;;;;;;;;;;;;;;;;;;;;;;;;;;;;;;
;;;;;;;;;;;;;;;;;;;;;;;;;;;;;;;;;;;;;;;;
;;;;;;;;;;;;;;;;;;;;;;;;;;;;;;;;;;;;;;;;
;;;;;;;;;;;;;;;;;;;;;;;;;;;;;;;;;;;;;;;;
;;;;;;;;;;;;;;;;;;;;;;;;;;;;;;;;;;;;;;;;
;;;;;;;;;;;;;;;;;;;;;;;;;;;;;;;;;;;;;;;;
;;;;;;;;;;;;;;;;;;;;;;;;;;;;;;;;;;;;;;;;
;;;;;;;;;;;;;;;;;;;;;;;;;;;;;;;;;;;;;;;;
;;;;;;;;;;;;;;;;;;;;;;;;;;;;;;;;;;;;;;;;
;;;;;;;;;;;;;;;;;;;;;;;;;;;;;;;;;;;;;;;;
;;;;;;;;;;;;;;;;;;;;;;;;;;;;;;;;;;;;;;;;
;;;;;;;;;;;;;;;;;;;;;;;;;;;;;;;;;;;;;;;;
;;;;;;;;;;;;;;;;;;;;;;;;;;;;;;;;;;;;;;;;
;;;;;;;;;;;;;;;;;;;;;;;;;;;;;;;;;;;;;;;;
;;;;;;;;;;;;;;;;;;;;;;;;;;;;;;;;;;;;;;;;
;;;;;;;;;;;;;;;;;;;;;;;;;;;;;;;;;;;;;;;;
;;;;;;;;;;;;;;;;;;;;;;;;;;;;;;;;;;;;;;;;
;;;;;;;;;;;;;;;;;;;;;;;;;;;;;;;;;;;;;;;;
;;;;;;;;;;;;;;;;;;;;;;;;;;;;;;;;;;;;;;;;
;;;;;;;;;;;;;;;;;;;;;;;;;;;;;;;;;;;;;;;;
;;;;;;;;;;;;;;;;;;;;;;;;;;;;;;;;;;;;;;;;
;;;;;;;;;;;;;;;;;;;;;;;;;;;;;;;;;;;;;;;;
;;;;;;;;;;;;;;;;;;;;;;;;;;;;;;;;;;;;;;;;
;;;;;;;;;;;;;;;;;;;;;;;;;;;;;;;;;;;;;;;;
